{"eval_loss": 0.31227052211761475, "eval_model_preparation_time": 0.0009, "eval_accuracy": 0.8977850079536438, "eval_runtime": 15.7879, "eval_samples_per_second": 623.389, "eval_steps_per_second": 9.754}